,Latitude,Longitude,genus,species,id
0,37.881405932,-122.269947734,Ginkgo,biloba,0
1,37.881301035999996,-122.269876345,Ginkgo,biloba,1
2,37.88109164,-122.26970755,Ginkgo,biloba,2
3,37.881012457,-122.269623273,Ginkgo,biloba,3
4,37.880920392,-122.26959947799999,Ginkgo,biloba,4
5,37.880841889,-122.269559872,Ginkgo,biloba,5
6,37.880736435,-122.269542885,Ginkgo,biloba,6
7,37.880417609,-122.26946162200001,Ginkgo,biloba,7
8,37.88026828,-122.269546978,Acer,palmatum,8
9,37.880244858000005,-122.269751326,Acer,palmatum,9
10,37.880095799,-122.26996581799999,Acer,palmatum,10
11,37.880056943,-122.269421188,Fraxinus,angustifolia,11
12,37.880925623,-122.269516384,Liquidambar,styraciflua,12
13,37.886560895,-122.268889065,Acer,palmatum,13
14,37.886390355,-122.268833409,Acer,palmatum,14
15,37.886280548,-122.26883517899999,Acer,palmatum,15
16,37.886139852,-122.26881772600001,Acer,palmatum,16
17,37.885998881999996,-122.268795418,Cinnamomum,camphora,17
18,37.885923149,-122.268783052,Pyrus,calleryana,18
19,37.885912893000004,-122.26892162899999,Acer,palmatum,19
20,37.885996235,-122.26893121299999,Acer,palmatum,20
21,37.88606021,-122.26894495799999,Acer,palmatum,21
22,37.886132484,-122.268954619,Acer,palmatum,22
23,37.886214563,-122.268965036,Acer,palmatum,23
24,37.88627,-122.268970029,Acer,palmatum,24
25,37.886367633,-122.268986461,Acer,palmatum,25
26,37.886441798,-122.26899758799999,Acer,palmatum,26
27,37.886548887,-122.269007935,Acer,palmatum,27
28,37.886714841999996,-122.269027707,Acer,palmatum,28
29,37.885677953000005,-122.268901114,Quercus,agrifolia,29
30,37.885752546,-122.269528506,Platanus,hybrida,30
31,37.883764682,-122.269969354,Ulmus,parvifolia,31
32,37.883668386,-122.26983506399999,Zelkova,serrata,32
33,37.883615055,-122.269830301,Zelkova,serrata,33
34,37.88355316,-122.269820173,Zelkova,serrata,34
35,37.883484981,-122.269822957,Zelkova,serrata,35
36,37.883417968,-122.269796531,Zelkova,serrata,36
37,37.88338148,-122.269805294,Ulmus,americana,37
38,37.88334178,-122.26979673,Ulmus,americana,38
39,37.88328927,-122.26979012700001,Prunus,cerasifera,39
40,37.883240101999995,-122.269785414,Prunus,cerasifera,40
41,37.882863719,-122.269727172,Zelkova,serrata,41
42,37.882766702,-122.269726373,Ulmus,parvifolia,42
43,37.882631314,-122.269680195,Ulmus,americana,43
44,37.882517191999995,-122.26970137200001,Zelkova,serrata,44
45,37.882418065,-122.269691889,Alnus,rhombifolia,45
46,37.88231466,-122.269661216,Alnus,rhombifolia,46
47,37.88223067,-122.269639321,Pyrus,kawakamii,47
48,37.882132695,-122.269622932,Alnus,rhombifolia,48
49,37.882530364000004,-122.269558034,Acer,rubrum,49
50,37.882586461,-122.269558803,Acer,rubrum,50
51,37.882645205,-122.269566537,Acer,rubrum,51
52,37.882846228000005,-122.269588396,Zelkova,serrata,52
53,37.883083479,-122.269614851,Celtis,sinensis,53
54,37.883327592,-122.269644127,Acer,rubrum,54
55,37.883402489,-122.26965452,Acer,rubrum,55
56,37.883468029,-122.269663489,Acer,rubrum,56
57,37.883533326999995,-122.26965069399999,Acer,rubrum,57
58,37.883618516,-122.269682279,Acer,rubrum,58
59,37.883693243,-122.26968967100001,Acer,rubrum,59
60,37.884925001,-122.269832736,Platanus,hybrida,60
61,37.885116319,-122.269852249,Platanus,hybrida,61
62,37.885330120999996,-122.26987722700001,Platanus,hybrida,62
63,37.88512675,-122.269972364,Platanus,hybrida,63
64,37.884825399,-122.269964622,Prunus,cerasifera,64
65,37.884762664,-122.269955845,Prunus,cerasifera,65
66,37.88469697,-122.269942793,Sequoia,sempervirens,66
67,37.884633342,-122.269941035,Sequoia,sempervirens,67
68,37.884553904,-122.269927105,Prunus,serrulata,68
69,37.886024811999995,-122.26736690700001,Prunus,yedoensis,69
70,37.886061116,-122.26705200399999,Quercus,agrifolia,70
71,37.886213733000005,-122.26594696,Platanus,hybrida,71
72,37.886214556999995,-122.26588495899999,Platanus,hybrida,72
73,37.88624504,-122.265701351,Platanus,hybrida,73
74,37.886252141,-122.265645567,Platanus,hybrida,74
75,37.886146077,-122.26562299700001,Liquidambar,styraciflua,75
76,37.886083542,-122.26611260700001,Persea,americana,76
77,37.885968605,-122.26700260700001,Prunus,cerasifera,77
78,37.885956478000004,-122.267093931,Prunus,cerasifera,78
79,37.885952615,-122.267145346,Prunus,cerasifera,79
80,37.885942092,-122.267196975,Prunus,cerasifera,80
81,37.885910521999996,-122.267449684,Pistacia,chinensis,81
82,37.885900098,-122.267534435,Pistacia,chinensis,82
83,37.885855838000005,-122.267878487,Prunus,cerasifera,83
84,37.885839116,-122.26800736,Schinus,molle,84
85,37.885805845,-122.268218026,Prunus,cerasifera,85
86,37.885784559,-122.26840360899999,Prunus,cerasifera,86
87,37.885783411999995,-122.26844441700001,Citrus,limon,87
88,37.885780333,-122.268461607,Acer,palmatum,88
89,37.885769298,-122.26854344600001,Callistemon,citrinus,89
90,37.885760746,-122.268600415,Acer,palmatum,90
91,37.885750163000004,-122.268672023,Callistemon,citrinus,91
92,37.885747976,-122.26871349700001,Prunus,cerasifera,92
93,37.885876009,-122.268564865,Pyrus,calleryana,93
94,37.885937145,-122.26805705,Ginkgo,biloba,94
95,37.885945425,-122.26798514,Ginkgo,biloba,95
96,37.885949885,-122.267950501,Prunus,yedoensis,96
97,37.885955343,-122.26790610100001,Prunus,cerasifera,97
98,37.885960265,-122.267877114,Prunus,cerasifera,98
99,37.885965159,-122.267844994,Prunus,cerasifera,99
100,37.886001913,-122.267785735,Citrus,limon,100
101,37.886022847,-122.26779007,Prunus,yedoensis,101
102,37.886059954000004,-122.267791879,Prunus,serrulata,102
103,37.886082252,-122.267795995,Prunus,serrulata,103
104,37.88615744,-122.267805098,Pyrus,kawakamii,104
105,37.886210844000004,-122.267805286,Jacaranda,mimosifolia,105
106,37.886387194,-122.267832585,Jacaranda,mimosifolia,106
107,37.886605421999995,-122.267861719,Prunus,serrulata,107
108,37.882496263,-122.267218949,Broadleaf,Deciduous Small,108
109,37.882582022,-122.267229145,Broadleaf,Deciduous Small,109
110,37.882662425999996,-122.26723916200001,Broadleaf,Deciduous Small,110
111,37.883570451,-122.26735155600001,Pyrus,calleryana,111
112,37.883636011,-122.26738340700001,Pyrus,calleryana,112
113,37.883702729,-122.267428561,Pyrus,calleryana,113
114,37.883869607,-122.26752888899999,Pyrus,calleryana,114
115,37.883957725,-122.267547263,Pyrus,calleryana,115
116,37.884077266,-122.267562311,Pyrus,calleryana,116
117,37.884165964,-122.26755853799999,Pyrus,calleryana,117
118,37.884256382,-122.26751751799999,Pyrus,calleryana,118
119,37.884373108000005,-122.26746221200001,Pyrus,calleryana,119
120,37.884460241,-122.267458604,Pyrus,calleryana,120
121,37.884562484,-122.26746473200001,Prunus,yedoensis,121
122,37.884602986,-122.267467861,Pyrus,calleryana,122
123,37.884976669000004,-122.267515705,Acer,rubrum,123
124,37.885191514,-122.26754376299999,Acer,rubrum,124
125,37.885435901,-122.267569862,Magnolia,grandiflora,125
126,37.885477887,-122.26757981700001,Magnolia,grandiflora,126
127,37.885610476,-122.267597381,Liquidambar,styraciflua,127
128,37.88568078,-122.26760624200001,Acer,rubrum,128
129,37.885708515,-122.267604446,Acer,rubrum,129
130,37.885752421,-122.26761670799999,Prunus,cerasifera,130
131,37.885813334,-122.267624577,Pyrus,calleryana,131
132,37.885522787,-122.26772364600001,Acer,rubrum,132
133,37.885491556999995,-122.267719238,Liquidambar,styraciflua,133
134,37.885463241,-122.267712466,Liquidambar,styraciflua,134
135,37.885170738,-122.267678303,Pistacia,chinensis,135
136,37.884466409,-122.26759293,Stump,,136
137,37.881529887,-122.269474942,Aesculus,hippocastanum,137
138,37.881803566,-122.269475878,Aesculus,hippocastanum,138
139,37.881924506,-122.26954435200001,Aesculus,hippocastanum,139
140,37.88006019,-122.26915612799999,Fraxinus,angustifolia,140
141,37.880526472,-122.26907871799999,Ginkgo,biloba,141
142,37.880629128,-122.26909198,Ginkgo,biloba,142
143,37.880795452,-122.26911253600001,Ginkgo,biloba,143
144,37.88085722,-122.269132346,Ginkgo,biloba,144
145,37.88125802,-122.269177211,Ginkgo,biloba,145
146,37.881505283,-122.26920308700001,Ginkgo,biloba,146
147,37.881675781999995,-122.269198944,Ginkgo,biloba,147
148,37.881789825,-122.269221701,Ginkgo,biloba,148
149,37.881900777,-122.269230383,Ginkgo,biloba,149
150,37.881816014,-122.26963537600001,Ginkgo,biloba,150
151,37.881718919,-122.26966252,Ginkgo,biloba,151
152,37.881523615,-122.269835606,Calocedrus,decurrens,152
153,37.881413394,-122.26981763799999,Liquidambar,styraciflua,153
154,37.880925623,-122.269516384,Liquidambar,styraciflua,154
155,37.880316549,-122.261400132,Platanus,hybrida,155
156,37.880820557,-122.26139293600001,Platanus,hybrida,156
157,37.880959002,-122.261386505,Platanus,hybrida,157
158,37.882339388000005,-122.261560442,Prunus,cerasifera,158
159,37.881533123000004,-122.26155814100001,Platanus,hybrida,159
160,37.881218199,-122.261521355,Platanus,hybrida,160
161,37.881088461,-122.261483559,Platanus,hybrida,161
162,37.880462895,-122.26157241,Platanus,hybrida,162
163,37.880341597,-122.261556651,Platanus,hybrida,163
164,37.882914721999995,-122.26613644700001,Maytenus,boaria,164
165,37.882948465,-122.26612437799999,Ginkgo,biloba,165
166,37.883104133,-122.266114095,Ligustrum,ovalifolium,166
167,37.883495331,-122.26617013200001,Prunus,cerasifera,167
168,37.884432065,-122.26627822799999,Pistacia,chinensis,168
169,37.884551615999996,-122.26630869600001,Pistacia,chinensis,169
170,37.884687205,-122.26631489200001,Prunus,cerasifera,170
171,37.8849513,-122.266379514,Pistacia,chinensis,171
172,37.884990101,-122.266377979,Pistacia,chinensis,172
173,37.88502104,-122.26653158100001,Pistacia,chinensis,173
174,37.884873266999996,-122.266521204,Cinnamomum,camphora,174
175,37.884838926,-122.266475231,Cinnamomum,camphora,175
176,37.884443450999996,-122.266449289,Pistacia,chinensis,176
177,37.884358352,-122.26647959799999,Pistacia,chinensis,177
178,37.883888251,-122.266386702,Pistacia,chinensis,178
179,37.883855812,-122.266393829,Pistacia,chinensis,179
180,37.883374008000004,-122.26633322100001,Stump,,180
181,37.883200871999996,-122.266330845,Aesculus,californica,181
182,37.882938885,-122.26625279299999,Liquidambar,styraciflua,182
183,37.880416444,-122.26910653600001,Robinia,pseudoacacia,183
184,37.880717993000005,-122.269125194,Ginkgo,biloba,184
185,37.88116299,-122.26914671200001,Ginkgo,biloba,185
186,37.881360342,-122.269212446,Pyrus,calleryana,186
187,37.881920919,-122.269647465,Ginkgo,biloba,187
188,37.881590854,-122.26962636,Ginkgo,biloba,188
189,37.881553116999996,-122.26990492700001,Liquidambar,styraciflua,189
190,37.881324028,-122.269666806,Calocedrus,decurrens,190
191,37.880132051,-122.261338655,Platanus,hybrida,191
192,37.880558823,-122.261489769,Platanus,hybrida,192
193,37.880645576,-122.261556203,Platanus,hybrida,193
194,37.881120588,-122.261435428,Platanus,hybrida,194
195,37.881264626,-122.261366493,Platanus,hybrida,195
196,37.881801354000004,-122.26148891,Platanus,hybrida,196
197,37.882231626999996,-122.261574324,Platanus,hybrida,197
198,37.88205088,-122.261637478,Platanus,hybrida,198
199,37.881682989,-122.261521504,Platanus,hybrida,199
200,37.881408556,-122.261495897,Platanus,hybrida,200
201,37.881002475,-122.26151810299999,Platanus,hybrida,201
202,37.880910594,-122.261456223,Platanus,hybrida,202
203,37.880578377,-122.26159997200001,Platanus,hybrida,203
204,37.880163912,-122.261538433,Platanus,hybrida,204
205,37.88298001,-122.26616006100001,Maytenus,boaria,205
206,37.88301557,-122.26620362,Maytenus,boaria,206
207,37.883177921,-122.266126164,Ligustrum,ovalifolium,207
208,37.883597919,-122.2662481,Prunus,cerasifera,208
209,37.884504281999995,-122.266300135,Pistacia,chinensis,209
210,37.884594576,-122.26637751,Pistacia,chinensis,210
211,37.884808274,-122.266392563,Schinus,molle,211
212,37.885162909,-122.266358041,Pittosporum,rhombifolium,212
213,37.885063859,-122.26654990700001,Pistacia,chinensis,213
214,37.884632176,-122.26645569700001,Pistacia,chinensis,214
215,37.884553042,-122.266482398,Pistacia,chinensis,215
216,37.884255992,-122.266428585,Pistacia,chinensis,216
217,37.884148124,-122.266420025,Pistacia,chinensis,217
218,37.883824616,-122.26638097,Pistacia,chinensis,218
219,37.883448585,-122.266337174,Cupressus,sempervirens,219
220,37.883109791,-122.266273036,Prunus,cerasifera,220
221,37.886491419,-122.26282602299999,Pistacia,chinensis,221
222,37.88647907,-122.263033746,Citrus,limon,222
223,37.886421211,-122.263438258,Citrus,limon,223
224,37.886392284,-122.263695504,Prunus,cerasifera,224
225,37.886382915,-122.263732049,Ulmus,pumila,225
226,37.886364187,-122.263796808,Prunus,cerasifera,226
227,37.886384945,-122.263881324,Prunus,cerasifera,227
228,37.886354806,-122.263989029,Prunus,cerasifera,228
229,37.886341337,-122.264061091,Prunus,cerasifera,229
230,37.886004123,-122.262606077,Calocedrus,decurrens,230
231,37.885630968,-122.262718916,Calocedrus,decurrens,231
232,37.884311741,-122.262941337,Ligustrum,ovalifolium,232
233,37.8842639,-122.263115113,Ligustrum,ovalifolium,233
234,37.88421343,-122.263313327,Acer,palmatum,234
235,37.88415217,-122.263545295,Schinus,molle,235
236,37.88411495,-122.263665387,Ginkgo,biloba,236
237,37.884087439,-122.26373588,Ginkgo,biloba,237
238,37.884081967,-122.263795357,Ginkgo,biloba,238
239,37.884033693,-122.263867634,Ginkgo,biloba,239
240,37.883995877,-122.264028627,Prunus,caroliniana,240
241,37.883988739,-122.264085667,Prunus,cerasifera,241
242,37.883959568,-122.264166427,Prunus,cerasifera,242
243,37.883956377,-122.264195565,Prunus,cerasifera,243
244,37.883447425,-122.263948483,Prunus,blieriana,244
245,37.883458311,-122.263883474,Acacia,melanoxylon,245
246,37.883366716,-122.263689572,Prunus,blieriana,246
247,37.88334709,-122.263733282,Prunus,blieriana,247
248,37.883317385,-122.263832039,Prunus,blieriana,248
249,37.883308713000005,-122.263868035,Prunus,cerasifera,249
250,37.883295370999996,-122.26390644,Prunus,cerasifera,250
251,37.883246324,-122.264013391,Liquidambar,styraciflua,251
252,37.883179993,-122.264135971,Ginkgo,biloba,252
253,37.883180919000004,-122.264187284,Ginkgo,biloba,253
254,37.882947256,-122.26501201299999,Acer,saccharinum,254
255,37.882847657,-122.264985298,Acer,saccharinum,255
256,37.882794118,-122.264981991,Magnolia,x soulangiana,256
257,37.883405504,-122.26505162,Prunus,cerasifera,257
258,37.883492228,-122.265062335,Pyrus,kawakamii,258
259,37.883539015,-122.265049731,Pyrus,kawakamii,259
260,37.883568789,-122.265062657,Pyrus,kawakamii,260
261,37.883623228000005,-122.265073005,Pyrus,kawakamii,261
262,37.883730846999995,-122.26508112299999,Pyrus,calleryana,262
263,37.88377411,-122.265069254,Pyrus,calleryana,263
264,37.883843655999996,-122.26511454899999,Acer,buergerianum,264
265,37.883901347,-122.26509845,Acer,buergerianum,265
266,37.883998058,-122.26512073200001,Callistemon,citrinus,266
267,37.884088503,-122.265133349,Acer,saccharinum,267
268,37.884146142,-122.265144101,Acer,saccharinum,268
269,37.884235347,-122.265145946,Prunus,blieriana,269
270,37.884257634,-122.265138493,Prunus,blieriana,270
271,37.884294785,-122.26514547200001,Prunus,blieriana,271
272,37.884205643,-122.265795574,Stump,,272
273,37.885397753,-122.26468644,Aesculus,californica,273
274,37.885371501,-122.264782454,Quercus,agrifolia,274
275,37.88536818,-122.264827495,Quercus,agrifolia,275
276,37.885364248,-122.264861396,Quercus,agrifolia,276
277,37.885363169,-122.264872321,Quercus,agrifolia,277
278,37.885329403,-122.26508915299999,Betula,pendula,278
279,37.885314544,-122.26523513299999,Prunus,cerasifera,279
280,37.885306572,-122.26533953299999,Prunus,cerasifera,280
281,37.885284634,-122.26544477799999,Prunus,cerasifera,281
282,37.885245853,-122.26563317600001,Betula,pendula,282
283,37.885255133,-122.265644165,Pittosporum,undulatum,283
284,37.885260212,-122.265712612,Betula,pendula,284
285,37.885235436,-122.26578483700001,Prunus,cerasifera,285
286,37.885232848,-122.265827628,Stump,,286
287,37.885645504,-122.266440318,Pistacia,chinensis,287
288,37.885694866,-122.266479465,Arbutus,unedo,288
289,37.881028413,-122.26281662,Broadleaf,Deciduous Small,289
290,37.88105054,-122.26288552700001,Broadleaf,Deciduous Small,290
291,37.881036087,-122.262972375,Broadleaf,Deciduous Small,291
292,37.881038581999995,-122.263046864,Broadleaf,Deciduous Small,292
293,37.881015592,-122.263114407,Broadleaf,Deciduous Small,293
294,37.880982251,-122.263286027,Quercus,coccinea,294
295,37.881015196999996,-122.263435969,Quercus,coccinea,295
296,37.880883403,-122.26386250700001,Quercus,coccinea,296
297,37.880870445,-122.264106105,Quercus,coccinea,297
298,37.880875397,-122.26417628799999,Quercus,coccinea,298
299,37.880833888000005,-122.26418744700001,Persea,americana,299
300,37.880833044,-122.26422809600001,Persea,americana,300
301,37.880835064,-122.264266834,Persea,americana,301
302,37.880837994000004,-122.264287475,Quercus,coccinea,302
303,37.88080711,-122.2644753,Quercus,coccinea,303
304,37.880811312,-122.26452455,Quercus,coccinea,304
305,37.880778389,-122.26463372,Quercus,coccinea,305
306,37.881174324,-122.26362695899999,Quercus,coccinea,306
307,37.88124213,-122.263667885,Quercus,coccinea,307
308,37.882029726,-122.263717232,Prunus,cerasifera,308
309,37.882125538000004,-122.263652845,Stump,,309
310,37.882211936,-122.263461616,Prunus,cerasifera,310
311,37.882412003,-122.263169693,Cinnamomum,camphora,311
312,37.882491006,-122.263224689,Cinnamomum,camphora,312
313,37.882637343,-122.263305338,Prunus,cerasifera,313
314,37.882723943,-122.263289399,Schinus,molle,314
315,37.883153534,-122.26319203,Prunus,cerasifera,315
316,37.882688716,-122.261539974,Schinus,molle,316
317,37.882545472,-122.26152833200001,Prunus,cerasifera,317
318,37.882490538,-122.2615362,Prunus,cerasifera,318
319,37.882630881,-122.26162566,Platanus,hybrida,319
320,37.882503175,-122.26203744600001,Prunus,cerasifera,320
321,37.88250346,-122.262090289,Prunus,cerasifera,321
322,37.882485119,-122.262211494,Acer,buergerianum,322
323,37.882355053000005,-122.262647955,Maytenus,boaria,323
324,37.882181124,-122.26262011799999,Cordyline,australis,324
325,37.88216359,-122.262598736,Cordyline,australis,325
326,37.882044142,-122.262593809,Pittosporum,viridiflorum,326
327,37.882012206,-122.262598364,Ligustrum,lucidum,327
328,37.882006314,-122.26260005399999,Maytenus,boaria,328
329,37.881943076999995,-122.26261830799999,Maytenus,boaria,329
330,37.881361376,-122.262558344,Stump,,330
331,37.880305603000004,-122.26368072,Cercis,canadensis,331
332,37.880774427,-122.26363444399999,Quercus,agrifolia,332
333,37.880774398,-122.263590327,Quercus,agrifolia,333
334,37.880638917,-122.26359614399999,Stump,,334
335,37.883478862,-122.259910283,Prunus,cerasifera,335
336,37.88371755,-122.25996112799999,Prunus,cerasifera,336
337,37.886387573,-122.260226515,Sequoia,sempervirens,337
338,37.886393247,-122.260146009,Sequoia,sempervirens,338
339,37.886305415,-122.260085809,Quercus,agrifolia,339
340,37.885959041999996,-122.259605855,Umbellularia,californica,340
341,37.883158162,-122.26066402,Pinus,halepensis,341
342,37.882900319,-122.26076242200001,Maytenus,boaria,342
343,37.88285477,-122.260758829,Maytenus,boaria,343
344,37.882511601,-122.260576711,Broadleaf,Deciduous Small,344
345,37.882467119,-122.26057402,Broadleaf,Deciduous Small,345
346,37.881861357,-122.260581498,Acer,palmatum,346
347,37.881892223,-122.260639966,Ginkgo,biloba,347
348,37.881939855,-122.26085061200001,Liquidambar,styraciflua,348
349,37.88195506,-122.260880754,Prunus,blieriana,349
350,37.881982,-122.26093240700001,Liquidambar,styraciflua,350
351,37.881599048000005,-122.26039351799999,Ulmus,parvifolia,351
352,37.881479532,-122.260331617,Lagerstroemia,indica,352
353,37.881374455,-122.26032700200001,Lagerstroemia,indica,353
354,37.881321755,-122.260332815,Lagerstroemia,indica,354
355,37.881209397,-122.260314816,Lagerstroemia,indica,355
356,37.881054754000004,-122.26042746200001,Platanus,hybrida,356
357,37.880774771,-122.26050324799999,Robinia,pseudoacacia,357
358,37.880725587,-122.26064209200001,Robinia,pseudoacacia,358
359,37.880712099,-122.26075631399999,Robinia,pseudoacacia,359
360,37.88065225,-122.260840317,Robinia,pseudoacacia,360
361,37.880577988,-122.26090146700001,Robinia,pseudoacacia,361
362,37.880711526999995,-122.2604003,Platanus,hybrida,362
363,37.880575004,-122.2603876,Platanus,hybrida,363
364,37.880272094,-122.259795921,Ginkgo,biloba,364
365,37.880381829,-122.259571862,Prunus,armeniaca,365
366,37.881007304,-122.25992367100001,Eriobotrya,japonica,366
367,37.881048315,-122.259765137,Crataegus,phaenopyrus,367
368,37.881943,-122.25947551200001,Acer,rubrum,368
369,37.886656951999996,-122.262353777,Platanus,hybrida,369
370,37.886560813,-122.262728771,Platanus,hybrida,370
371,37.886648881,-122.263333185,Acer,palmatum,371
372,37.886506474,-122.263418804,Pistacia,chinensis,372
373,37.88646054,-122.263879178,Acer,palmatum,373
374,37.886406795999996,-122.26395174299999,Pistacia,chinensis,374
375,37.886420455999996,-122.26404303700001,Pistacia,chinensis,375
376,37.886378092,-122.264105201,Pistacia,chinensis,376
377,37.886373852,-122.264211053,Pistacia,chinensis,377
378,37.886320768000004,-122.26422209,Pistacia,chinensis,378
379,37.886343928,-122.264196842,Pistacia,chinensis,379
380,37.886063062,-122.2624115,Calocedrus,decurrens,380
381,37.886023246,-122.262430695,Calocedrus,decurrens,381
382,37.885632673,-122.262526755,Calocedrus,decurrens,382
383,37.884192073,-122.262885576,Eriobotrya,japonica,383
384,37.883994086,-122.26343912200001,Magnolia,grandiflora,384
385,37.883983495,-122.26360596299999,Magnolia,grandiflora,385
386,37.883967442,-122.263802714,Acer,saccharinum,386
387,37.883951994,-122.263889034,Acer,pseudoplatanus,387
388,37.883897041,-122.263974571,Acer,platanoides,388
389,37.883876146999995,-122.263990685,Acer,platanoides,389
390,37.88384332,-122.264164078,Schinus,molle,390
391,37.883084959,-122.264304598,Pistacia,chinensis,391
392,37.882983322,-122.264679284,Prunus,cerasifera,392
393,37.883034935,-122.26477809100001,Prunus,cerasifera,393
394,37.88299303,-122.264841731,Prunus,cerasifera,394
395,37.88299438,-122.26514032700001,Pistacia,chinensis,395
396,37.882964143,-122.26510556,Broadleaf,Deciduous Small,396
397,37.883139624,-122.26512929200001,Jacaranda,mimosifolia,397
398,37.883179445,-122.265188272,Jacaranda,mimosifolia,398
399,37.883232676,-122.265250991,Jacaranda,mimosifolia,399
400,37.883358668,-122.26520913899999,Cinnamomum,camphora,400
401,37.883424985,-122.26525196200001,Prunus,cerasifera,401
402,37.88349666,-122.26518863,Quercus,agrifolia,402
403,37.883522921,-122.26521605100001,Eriobotrya,japonica,403
404,37.88352935,-122.26521861799999,Prunus,yedoensis,404
405,37.883702834,-122.26525526299999,Acer,rubrum,405
406,37.883778593,-122.26526775299999,Liquidambar,styraciflua,406
407,37.883906886,-122.265300595,Liquidambar,styraciflua,407
408,37.884294209000004,-122.265319204,Pittosporum,viridiflorum,408
409,37.884308441,-122.265331698,Pittosporum,viridiflorum,409
410,37.885766834,-122.26441601399999,Quercus,agrifolia,410
411,37.885514167,-122.26445105100001,Albizia,julibrissin,411
412,37.8854256,-122.264755759,Prunus,cerasifera,412
413,37.885455948,-122.264793098,Metrosideros,excelsus,413
414,37.885164042,-122.266293664,Prunus,yedoensis,414
415,37.885186709,-122.266096205,Quercus,agrifolia,415
416,37.88524108,-122.265849351,Cordyline,australis,416
417,37.885389986,-122.26657996700001,Prunus,yedoensis,417
418,37.88544934,-122.266574353,Prunus,cerasifera,418
419,37.881076706,-122.26312873,Quercus,coccinea,419
420,37.881067055,-122.263208976,Quercus,coccinea,420
421,37.88103934,-122.263231372,Quercus,coccinea,421
422,37.88103617,-122.26331783100001,Quercus,coccinea,422
423,37.881004985,-122.26335983,Quercus,coccinea,423
424,37.880990303000004,-122.26383998799999,Quercus,coccinea,424
425,37.880957146,-122.26393473899999,Quercus,coccinea,425
426,37.880859066,-122.26462918799999,Liquidambar,styraciflua,426
427,37.880793365,-122.264694474,Quercus,coccinea,427
428,37.881334913,-122.263782464,Prunus,cerasifera,428
429,37.881407627,-122.263772726,Persea,americana,429
430,37.881652603,-122.26381730799999,Jacaranda,mimosifolia,430
431,37.881688881,-122.26381108,Jacaranda,mimosifolia,431
432,37.881756562,-122.26376865200001,Jacaranda,mimosifolia,432
433,37.883248535999996,-122.26315370799999,Prunus,cerasifera,433
434,37.884173755999996,-122.26265021200001,Platanus,hybrida,434
435,37.883717941,-122.26230495700001,Platanus,hybrida,435
436,37.883703292,-122.262244417,Platanus,hybrida,436
437,37.883606533000005,-122.262226256,Platanus,hybrida,437
438,37.882877762,-122.261649105,Platanus,hybrida,438
439,37.882819178000005,-122.26159149200001,Platanus,hybrida,439
440,37.88270923,-122.26161253299999,Platanus,hybrida,440
441,37.882578633,-122.26195588,Acer,palmatum,441
442,37.882512398,-122.262394824,Maytenus,boaria,442
443,37.881424261999996,-122.262653929,Acer,saccharinum,443
444,37.881401324,-122.26264466399999,Acer,saccharinum,444
445,37.88008609,-122.26354782799999,Pistacia,chinensis,445
446,37.880163773,-122.263564026,Pistacia,chinensis,446
447,37.880202174000004,-122.263604124,Pistacia,chinensis,447
448,37.886039210999996,-122.26029278899999,Sequoia,sempervirens,448
449,37.886405558,-122.26019945799999,Sequoia,sempervirens,449
450,37.886410786999996,-122.26026186899999,Sequoia,sempervirens,450
451,37.886328513,-122.260180394,Sequoia,sempervirens,451
452,37.886311123,-122.26018283200001,Sequoia,sempervirens,452
453,37.883282664,-122.260087485,Quercus,agrifolia,453
454,37.882806239000004,-122.260737744,Maytenus,boaria,454
455,37.882647685,-122.260670498,Ligustrum,lucidum,455
456,37.882626306,-122.26060696799999,Ligustrum,lucidum,456
457,37.882182181,-122.260423789,Pyrus,calleryana,457
458,37.882049504,-122.261024263,Acer,palmatum,458
459,37.882120166,-122.261149661,Acer,palmatum,459
460,37.882062491,-122.261368685,Prunus,yedoensis,460
461,37.881810173000005,-122.26047578100001,Ligustrum,lucidum,461
462,37.881767267,-122.260472869,Ligustrum,lucidum,462
463,37.88155027,-122.260469641,Prunus,persica,463
464,37.881154411,-122.260400221,Ginkgo,biloba,464
465,37.880915694,-122.26040647200001,Prunus,cerasifera,465
466,37.880909901,-122.26043519,Prunus,cerasifera,466
467,37.880882545,-122.260431456,Prunus,cerasifera,467
468,37.880834805,-122.260453021,Prunus,cerasifera,468
469,37.880751822,-122.260307164,Platanus,hybrida,469
470,37.880403214,-122.260311944,Ginkgo,biloba,470
471,37.880302133,-122.260085367,Ginkgo,biloba,471
472,37.881040088,-122.25979866200001,Crataegus,phaenopyrus,472
473,37.881193707,-122.259464419,Eriobotrya,japonica,473
474,37.88121489,-122.25946967600001,Platanus,hybrida,474
475,37.88131817,-122.259512139,Prunus,blieriana,475
476,37.881331912,-122.25953196200001,Acer,palmatum,476
477,37.881351547,-122.259532994,Arbutus,unedo,477
478,37.881360354,-122.259543729,Prunus,cerasifera,478
479,37.881423657,-122.259525182,Pyrus,communis,479
480,37.881469799,-122.259577941,Platanus,hybrida,480
481,37.881649989,-122.25960651,Broadleaf,Deciduous Large,481
482,37.882434601,-122.26831586600001,Prunus,cerasifera,482
483,37.882540006,-122.268390934,Quercus,virginiana,483
484,37.882591574,-122.268374722,Maytenus,boaria,484
485,37.882687241,-122.26839960299999,Quercus,virginiana,485
486,37.882774909,-122.26839278799999,Trachycarpus,fortunei,486
487,37.883095989,-122.26843736100001,Pittosporum,undulatum,487
488,37.883187268,-122.268448103,Magnolia,grandiflora,488
489,37.883316679,-122.26843317,Quercus,virginiana,489
490,37.883597209,-122.268463865,Celtis,occidentalis,490
491,37.883802694,-122.26855620299999,Quercus,virginiana,491
492,37.88410887,-122.268550825,Acer,palmatum,492
493,37.884160129,-122.26859049,Acer,palmatum,493
494,37.883824974,-122.26866819600001,Acer,palmatum,494
495,37.882234941,-122.268548023,Melaleuca,styphelioides,495
496,37.882237631,-122.268626758,Melaleuca,styphelioides,496
497,37.882195696,-122.26870909799999,Acer,palmatum,497
498,37.882198593000005,-122.26874961799999,Acer,palmatum,498
499,37.882197436999995,-122.26879769799999,Acer,palmatum,499
500,37.88220155,-122.26887917299999,Acer,palmatum,500
501,37.882041464000004,-122.26973748299999,Alnus,cordata,501
502,37.882220021,-122.26769875,Prunus,yedoensis,502
503,37.882226854,-122.267644764,Prunus,yedoensis,503
504,37.880545603,-122.267416164,Magnolia,grandiflora,504
505,37.880519379,-122.26754418200001,Magnolia,grandiflora,505
506,37.880510974,-122.267578055,Broadleaf,Deciduous Small,506
507,37.880433581,-122.268344754,Magnolia,grandiflora,507
508,37.880205205,-122.268919399,Magnolia,grandiflora,508
509,37.880687371,-122.268186051,Dracaena,draco,509
510,37.880781379,-122.268155874,Dracaena,draco,510
511,37.881068,-122.26820967100001,Acer,palmatum,511
512,37.881199556999995,-122.268211002,Acer,palmatum,512
513,37.881241201,-122.268223755,Acer,palmatum,513
514,37.881280403000005,-122.26823125799999,Acer,palmatum,514
515,37.881386064000004,-122.268225771,Liquidambar,styraciflua,515
516,37.881505067,-122.26823503,Liquidambar,styraciflua,516
517,37.881871781,-122.26718784200001,Prunus,cerasifera,517
518,37.881619493,-122.26712559299999,Acer,palmatum,518
519,37.881563288,-122.267133985,Ginkgo,biloba,519
520,37.881376492,-122.267139906,Ginkgo,biloba,520
521,37.881331195,-122.26710755399999,Ginkgo,biloba,521
522,37.881296387,-122.26709653799999,Ginkgo,biloba,522
523,37.881207374,-122.267084502,Pistacia,chinensis,523
524,37.8811263,-122.267093859,Pistacia,chinensis,524
525,37.881080037,-122.267089004,Melaleuca,linariifolia,525
526,37.881040141999996,-122.267065061,Melaleuca,linariifolia,526
527,37.880930516,-122.267050356,Acer,palmatum,527
528,37.880570813,-122.26622553600001,Celtis,sinensis,528
529,37.880581551999995,-122.26613502,Celtis,sinensis,529
530,37.880699404,-122.26625473,Quercus,kelloggii,530
531,37.880233145,-122.26824800600001,Magnolia,grandiflora,531
532,37.880154345,-122.268230977,Magnolia,grandiflora,532
533,37.880249603,-122.266989241,Jacaranda,mimosifolia,533
534,37.880300989,-122.26714619200001,Pistacia,chinensis,534
535,37.881203065,-122.265949742,Prunus,domestica,535
536,37.881476484000004,-122.265992329,Podocarpus,gracilior,536
537,37.88163135,-122.266010173,Schinus,molle,537
538,37.881714804,-122.265998355,Maytenus,boaria,538
539,37.881812375,-122.266024449,Maytenus,boaria,539
540,37.881860758,-122.266010548,Maytenus,boaria,540
541,37.882352124,-122.266191362,Acer,palmatum,541
542,37.882347193,-122.266191635,Acer,palmatum,542
543,37.882341556,-122.26620378,Acer,palmatum,543
544,37.882624004,-122.26547797,Acer,saccharum,544
545,37.882561288000005,-122.26496533,Cinnamomum,camphora,545
546,37.881934028,-122.264874905,Acer,buergerianum,546
547,37.88136171,-122.26484187700001,Schinus,molle,547
548,37.880929551,-122.264943648,Platanus,hybrida,548
549,37.880562385,-122.264716894,Liquidambar,styraciflua,549
550,37.88039417,-122.264718282,Prunus,cerasifera,550
551,37.880297115,-122.264698344,Crataegus,phaenopyrus,551
552,37.880132142,-122.26469744200001,Broadleaf,Deciduous Small,552
553,37.880074545,-122.265958744,Pistacia,chinensis,553
554,37.880210772,-122.265958662,Pistacia,chinensis,554
555,37.880382943,-122.265980753,Acer,palmatum,555
556,37.880766991,-122.265702464,Quercus,kelloggii,556
557,37.88079104,-122.265456126,Quercus,kelloggii,557
558,37.880826017,-122.265188241,Quercus,kelloggii,558
559,37.88085169,-122.26501090299999,Quercus,kelloggii,559
560,37.880734122,-122.264992874,Stump,,560
561,37.886536783000004,-122.26656526,Acer,palmatum,561
562,37.886586938,-122.266555055,Pistacia,chinensis,562
563,37.88662229,-122.26659537100001,Pistacia,chinensis,563
564,37.88628281,-122.26558664,Platanus,hybrida,564
565,37.886412887,-122.265536787,Platanus,hybrida,565
566,37.886647889,-122.265598341,Broadleaf,Deciduous Medium,566
567,37.886677755,-122.264449067,Cordyline,australis,567
568,37.886673920999996,-122.264449305,Acer,buergerianum,568
569,37.886402431,-122.264519525,Pistacia,chinensis,569
570,37.886406756,-122.26460111899999,Pistacia,chinensis,570
571,37.88635494,-122.26497107899999,Platanus,hybrida,571
572,37.886331327,-122.265060858,Platanus,hybrida,572
573,37.886326538,-122.26513805,Acer,buergerianum,573
574,37.886332452,-122.26520639600001,Acer,palmatum,574
575,37.886316879,-122.26523786899999,Acer,buergerianum,575
576,37.886079379,-122.26187506,Aesculus,hippocastanum,576
577,37.886124882,-122.26162333399999,Umbellularia,californica,577
578,37.886126308,-122.261637451,Umbellularia,californica,578
579,37.885028586,-122.26132526200001,Prunus,ilicifolia,579
580,37.885039738,-122.26117605,Eriobotrya,japonica,580
581,37.884987726999995,-122.261137652,Sequoia,sempervirens,581
582,37.884879176,-122.261128517,Metasequoia,glyptostroboides,582
583,37.884800191,-122.26110014700001,Umbellularia,californica,583
584,37.88480671,-122.26109282700001,Umbellularia,californica,584
585,37.884743832,-122.260469146,Umbellularia,californica,585
586,37.885671101,-122.26167555,Quercus,agrifolia,586
587,37.885539621999996,-122.26134428399999,Sequoia,sempervirens,587
588,37.885598874,-122.261279678,Sequoia,sempervirens,588
589,37.885433516999996,-122.261265469,Quercus,agrifolia,589
590,37.885300078,-122.261108921,Quercus,agrifolia,590
591,37.885297064,-122.261091583,Quercus,agrifolia,591
592,37.885559467,-122.260951408,Pinus,radiata,592
593,37.885549853,-122.261351671,Sequoia,sempervirens,593
594,37.885678999,-122.261385192,Sequoia,sempervirens,594
595,37.885833058,-122.261096275,Quercus,agrifolia,595
596,37.885841608,-122.261038109,Quercus,agrifolia,596
597,37.88578966,-122.261418165,Quercus,agrifolia,597
598,37.885889426,-122.26156338,Juniperus,californica,598
599,37.886374651,-122.261776665,Quercus,agrifolia,599
600,37.885828097,-122.26175347700001,Quercus,agrifolia,600
601,37.885799723000005,-122.26184440600001,Sequoia,sempervirens,601
602,37.885054903000004,-122.261234649,Metasequoia,glyptostroboides,602
603,37.884943371999995,-122.261172164,Sequoia,sempervirens,603
604,37.884879276,-122.26094521799999,Metasequoia,glyptostroboides,604
605,37.884929775,-122.26094334,Metasequoia,glyptostroboides,605
606,37.885023724,-122.260950884,Metasequoia,glyptostroboides,606
607,37.884720839,-122.260565031,Umbellularia,californica,607
608,37.885549741,-122.261678587,Sequoia,sempervirens,608
609,37.885542388000005,-122.261739527,Sequoia,sempervirens,609
610,37.885554683,-122.261097791,Quercus,agrifolia,610
611,37.885468774,-122.26112316,Pseudotsuga,menziesii,611
612,37.885470594000004,-122.261060807,Quercus,agrifolia,612
613,37.88545537,-122.26110115,Quercus,agrifolia,613
614,37.885281972,-122.261045199,Acer,macrophyllum,614
615,37.88526232,-122.261005755,Quercus,agrifolia,615
616,37.885489955,-122.26093606799999,Quercus,agrifolia,616
617,37.885709724,-122.261001205,Sequoia,sempervirens,617
618,37.885750989,-122.26099894299999,Quercus,agrifolia,618
619,37.88575669,-122.26104746700001,Sequoia,sempervirens,619
620,37.885792778,-122.26102634200001,Sequoia,sempervirens,620
621,37.886508096,-122.261716527,Quercus,agrifolia,621
622,37.885416572,-122.26371855100001,Quercus,agrifolia,622
623,37.885368879,-122.263692902,Quercus,agrifolia,623
624,37.885458391,-122.26377852,Liquidambar,styraciflua,624
625,37.885452912,-122.26380079100001,Quercus,robur,625
626,37.885333124,-122.26371079,Quercus,agrifolia,626
627,37.885297772,-122.263697445,Pittosporum,undulatum,627
628,37.885307864,-122.26362466299999,Conifer,Evergreen Small,628
629,37.885317021999995,-122.26362351600001,Conifer,Evergreen Small,629
630,37.88500145,-122.26333379,Quercus,agrifolia,630
631,37.884931954,-122.263326701,Quercus,agrifolia,631
632,37.884849636,-122.26345625,Sequoiadendron,giganteum,632
633,37.884866650999996,-122.263472882,Quercus,agrifolia,633
634,37.884489209,-122.263004106,Quercus,agrifolia,634
635,37.884447561,-122.263093411,Quercus,agrifolia,635
636,37.884475608,-122.263165608,Quercus,agrifolia,636
637,37.88489509,-122.263297739,Quercus,agrifolia,637
638,37.885100246,-122.263322038,Quercus,agrifolia,638
639,37.885041211,-122.263073116,Quercus,agrifolia,639
640,37.884942304,-122.263138813,Acer,macrophyllum,640
641,37.884982504,-122.26315975700001,Sequoia,sempervirens,641
642,37.885038956,-122.26303489799999,Quercus,agrifolia,642
643,37.884966256999995,-122.26305089600001,Sequoia,sempervirens,643
644,37.884727094,-122.262986855,Quercus,agrifolia,644
645,37.88469816,-122.26290645700001,Quercus,agrifolia,645
646,37.884528933,-122.262945406,Quercus,agrifolia,646
647,37.884492273,-122.262965254,Pittosporum,undulatum,647
648,37.884480595999996,-122.26296661,Acacia,melanoxylon,648
649,37.884334564,-122.26307450700001,Quercus,agrifolia,649
650,37.884269997,-122.263093933,Quercus,agrifolia,650
651,37.884300917,-122.26316318,Sequoia,sempervirens,651
652,37.88433514,-122.26313125899999,Sequoia,sempervirens,652
653,37.886496968,-122.262293574,Cedrus,atlantica,653
654,37.886400121,-122.262106676,Quercus,agrifolia,654
655,37.886388587,-122.262172221,Quercus,agrifolia,655
656,37.886349455,-122.26223845,Quercus,agrifolia,656
657,37.886259553,-122.262060359,Sequoiadendron,giganteum,657
658,37.88630466,-122.26199941799999,Cedrus,atlantica,658
659,37.886252135,-122.262260363,Quercus,agrifolia,659
660,37.886084973,-122.262215003,Quercus,agrifolia,660
661,37.886049362,-122.26227636899999,Quercus,agrifolia,661
662,37.886025169,-122.262302104,Quercus,agrifolia,662
663,37.886024723,-122.26232326799999,Sequoiadendron,giganteum,663
664,37.885638762,-122.26235329299999,Sequoia,sempervirens,664
665,37.885859259,-122.262446842,Quercus,agrifolia,665
666,37.886143397,-122.262383179,Quercus,agrifolia,666
667,37.885649106,-122.262119959,Quercus,agrifolia,667
668,37.885781512,-122.26187118,Sequoia,sempervirens,668
669,37.885739938,-122.261757369,Sequoia,sempervirens,669
670,37.885278788,-122.262073698,Quercus,agrifolia,670
671,37.88528546,-122.262099671,Quercus,agrifolia,671
672,37.885332334,-122.262235713,Quercus,agrifolia,672
673,37.885425894,-122.262547473,Umbellularia,californica,673
674,37.885462585999996,-122.26224030899999,Quercus,agrifolia,674
675,37.885485904,-122.26222436799999,Aesculus,californica,675
676,37.885460801,-122.262155725,Pittosporum,undulatum,676
677,37.885480898000004,-122.26214520299999,Sequoia,sempervirens,677
678,37.885066797,-122.262562801,Pinus,radiata,678
679,37.885045416,-122.262658034,Pinus,radiata,679
680,37.884974997,-122.26264621,Umbellularia,californica,680
681,37.885031981,-122.262704811,Acacia,melanoxylon,681
682,37.88490059,-122.26263438299999,Quercus,agrifolia,682
683,37.884832261,-122.26258538,Quercus,agrifolia,683
684,37.884801388,-122.26259339299999,Calocedrus,decurrens,684
685,37.884529536,-122.26265767,Quercus,agrifolia,685
686,37.884549516999996,-122.262663209,Quercus,agrifolia,686
687,37.884597421,-122.26269493,Quercus,agrifolia,687
688,37.884625156,-122.262655136,Quercus,agrifolia,688
689,37.884706045,-122.262693365,Quercus,agrifolia,689
690,37.884785743,-122.262709424,Quercus,agrifolia,690
691,37.884479246,-122.262449927,Quercus,agrifolia,691
692,37.884799320999996,-122.26150328,Quercus,agrifolia,692
693,37.884735201999995,-122.26149493700001,Quercus,agrifolia,693
694,37.885434171,-122.261842705,Acer,macrophyllum,694
695,37.885250694,-122.261585855,Sequoia,sempervirens,695
696,37.885216128,-122.261580201,Quercus,agrifolia,696
697,37.885287149,-122.261679501,Quercus,agrifolia,697
698,37.885255226999995,-122.26171494100001,Quercus,agrifolia,698
699,37.885149311,-122.261418743,Quercus,agrifolia,699
700,37.885071782,-122.261389936,Umbellularia,californica,700
701,37.885181164,-122.261511345,Broadleaf,Deciduous Large,701
702,37.885191203000005,-122.261601725,Broadleaf,Deciduous Large,702
703,37.886050585,-122.26317916,Phoenix,canariensis,703
704,37.886084704,-122.263095075,Sequoia,sempervirens,704
705,37.886094555,-122.263072473,Quercus,agrifolia,705
706,37.886089311999996,-122.262903975,Prunus,ilicifolia,706
707,37.886097628,-122.26282555899999,Prunus,ilicifolia,707
708,37.886140012,-122.262621792,Quercus,agrifolia,708
709,37.886179387,-122.262676148,Sequoia,sempervirens,709
710,37.886195721,-122.26264794,Sequoia,sempervirens,710
711,37.886195197,-122.262721383,Quercus,agrifolia,711
712,37.886315904,-122.262530418,Aesculus,californica,712
713,37.886442198000005,-122.262615322,Phoenix,canariensis,713
714,37.886419048,-122.26273124299999,Arbutus,unedo,714
715,37.8860515,-122.26279800200001,Quercus,agrifolia,715
716,37.886059191,-122.262905534,Quercus,agrifolia,716
717,37.885909104,-122.262777014,Sequoiadendron,giganteum,717
718,37.885842835,-122.262863638,Acer,palmatum,718
719,37.885872711,-122.262797389,Quercus,agrifolia,719
720,37.885807357,-122.262810144,Quercus,agrifolia,720
721,37.88577759,-122.26279184799999,Sequoiadendron,giganteum,721
722,37.885682098000004,-122.262846972,Sequoiadendron,giganteum,722
723,37.885551709,-122.26286127600001,Umbellularia,californica,723
724,37.885486737,-122.26279669799999,Quercus,agrifolia,724
725,37.885443118000005,-122.262816072,Quercus,agrifolia,725
726,37.885420597,-122.26283490600001,Stump,,726
727,37.885528966,-122.262750131,Quercus,agrifolia,727
728,37.885743976,-122.262676091,Quercus,agrifolia,728
729,37.885811241,-122.262672754,Quercus,agrifolia,729
730,37.885622355,-122.263011095,Calocedrus,decurrens,730
731,37.885616744000004,-122.263009759,Calocedrus,decurrens,731
732,37.88556411,-122.263157731,Calocedrus,decurrens,732
733,37.885458003000004,-122.263146507,Calocedrus,decurrens,733
734,37.885583399,-122.263718706,Stump,,734
735,37.885615486999995,-122.26383703399999,Quercus,agrifolia,735
736,37.884157181999996,-122.26798019700001,Quercus,agrifolia,736
737,37.884133932,-122.268035665,Quercus,agrifolia,737
738,37.884069941,-122.268097581,Quercus,agrifolia,738
739,37.884087412,-122.268121039,Quercus,agrifolia,739
740,37.884080871,-122.26818489,Quercus,agrifolia,740
741,37.88405653,-122.268263499,Quercus,agrifolia,741
742,37.88413663,-122.268318548,Quercus,agrifolia,742
743,37.884152368,-122.268317291,Quercus,agrifolia,743
744,37.884198486,-122.26827954,Quercus,agrifolia,744
745,37.884202939,-122.268340704,Quercus,agrifolia,745
746,37.884215757,-122.268335274,Quercus,agrifolia,746
747,37.884225451,-122.26834082299999,Acer,negundo,747
748,37.884241873,-122.268295375,Quercus,agrifolia,748
749,37.884281435,-122.268584422,Prunus,serrulata,749
750,37.884344745,-122.268462339,Quercus,agrifolia,750
751,37.884215079,-122.268208845,Quercus,agrifolia,751
752,37.884313567,-122.268218641,Quercus,agrifolia,752
753,37.884357753,-122.268261114,Sequoia,sempervirens,753
754,37.884363889,-122.26826065,Umbellularia,californica,754
755,37.884388829,-122.268076676,Sequoia,sempervirens,755
756,37.884290545,-122.26782980799999,Umbellularia,californica,756
757,37.884265471,-122.267854268,Stump,,757
758,37.884482048,-122.268354408,Umbellularia,californica,758
759,37.884482081,-122.26768649200001,Quercus,agrifolia,759
760,37.884812579,-122.26890165200001,Sequoia,sempervirens,760
761,37.88497168,-122.26894692,Sequoia,sempervirens,761
762,37.88480946,-122.26891713299999,Broadleaf,Deciduous Small,762
763,37.884842145,-122.268944777,Broadleaf,Deciduous Small,763
764,37.884874427,-122.268952454,Acer,palmatum,764
765,37.884881441,-122.26899595299999,Metasequoia,glyptostroboides,765
766,37.884965212,-122.268965396,Alnus,cordata,766
767,37.884989113,-122.269038206,Alnus,cordata,767
768,37.885004774,-122.268935668,Alnus,cordata,768
769,37.88503824,-122.26883498,Acer,palmatum,769
770,37.884786503,-122.26913167,Pyrus,calleryana,770
771,37.884817095,-122.269174243,Pyrus,calleryana,771
772,37.884829934,-122.269244159,Pyrus,calleryana,772
773,37.88478279,-122.269261965,Pyrus,calleryana,773
774,37.884977608,-122.26917872,Metasequoia,glyptostroboides,774
775,37.884949939,-122.269235313,Metasequoia,glyptostroboides,775
776,37.884947204,-122.269246221,Metasequoia,glyptostroboides,776
777,37.884902821,-122.26934049,Metasequoia,glyptostroboides,777
778,37.884956976,-122.269377811,Podocarpus,macrophyllus,778
779,37.884896769,-122.269313921,Quercus,agrifolia,779
780,37.884838485,-122.26939865,Cupressus,macrocarpa,780
781,37.884913037,-122.26949648600001,Quercus,agrifolia,781
782,37.884904606,-122.269538778,Acacia,melanoxylon,782
783,37.884892859000004,-122.2695769,Acer,palmatum,783
784,37.884877431,-122.26959979899999,Metasequoia,glyptostroboides,784
785,37.884909068,-122.26963642700001,Metasequoia,glyptostroboides,785
786,37.884853626,-122.269690482,Metasequoia,glyptostroboides,786
787,37.8848815,-122.26975466399999,Metasequoia,glyptostroboides,787
788,37.884812851999996,-122.26972782700001,Carpinus,betulus,788
789,37.884764184,-122.26974730799999,Broadleaf,Deciduous Small,789
790,37.884787178,-122.269713489,Quercus,agrifolia,790
791,37.88471104,-122.26974221299999,Broadleaf,Deciduous Small,791
792,37.884716741999995,-122.26969015,Quercus,agrifolia,792
793,37.884664326999996,-122.269728111,Eugenia,paniculata,793
794,37.884489706,-122.269706302,Quercus,agrifolia,794
795,37.884428764,-122.269686954,Sequoia,sempervirens,795
796,37.884258178,-122.268809476,Quercus,agrifolia,796
797,37.884121265,-122.26874872100001,Quercus,agrifolia,797
798,37.884047887,-122.268698537,Quercus,agrifolia,798
799,37.884051486,-122.268965868,Aesculus,hippocastanum,799
800,37.884032411,-122.26914739600001,Aesculus,hippocastanum,800
801,37.884028179,-122.269292404,Acer,platanoides,801
802,37.883972936999996,-122.269661006,Quercus,agrifolia,802
803,37.88390911,-122.269623324,Sequoiadendron,giganteum,803
804,37.88388454,-122.2694062,Podocarpus,gracilior,804
805,37.883907519,-122.269359406,Podocarpus,gracilior,805
806,37.883654384,-122.269403377,Platanus,hybrida,806
807,37.88360069,-122.26961751299999,Pistacia,chinensis,807
808,37.883617642,-122.269131636,Acer,rubrum,808
809,37.883636799,-122.26905363,Acer,rubrum,809
810,37.884745721,-122.268834809,Sequoia,sempervirens,810
811,37.884741149,-122.268891975,Metasequoia,glyptostroboides,811
812,37.884764235,-122.26891504299999,Acer,palmatum,812
813,37.884778379000004,-122.26891367200001,Cornus,nuttallii,813
814,37.884661623,-122.268819621,Sequoia,sempervirens,814
815,37.884667175,-122.26889502200001,Metasequoia,glyptostroboides,815
816,37.884591906,-122.268789217,Sequoia,sempervirens,816
817,37.884555950999996,-122.26885278,Quercus,agrifolia,817
818,37.884739278000005,-122.269147441,Pyrus,calleryana,818
819,37.884705002,-122.269205069,Pyrus,calleryana,819
820,37.884724025,-122.269262124,Pyrus,calleryana,820
821,37.884768244,-122.26929241299999,Pyrus,calleryana,821
822,37.884530445,-122.269260545,Metasequoia,glyptostroboides,822
823,37.884500397,-122.269264429,Sequoia,sempervirens,823
824,37.884480583,-122.269387029,Sequoia,sempervirens,824
825,37.884443146,-122.269418521,Sequoia,sempervirens,825
826,37.884430245,-122.26950507,Sequoia,sempervirens,826
827,37.884440201,-122.26957989200001,Quercus,coccinea,827
828,37.884468123000005,-122.269594019,Quercus,coccinea,828
829,37.884456194,-122.26965311200001,Pyrus,calleryana,829
830,37.884503497,-122.269663546,Quercus,coccinea,830
831,37.88416654,-122.269097806,Jacaranda,mimosifolia,831
832,37.884167053,-122.269203801,Quercus,agrifolia,832
833,37.884250001999995,-122.26914091399999,Quercus,agrifolia,833
834,37.884154469,-122.26936958600001,Quercus,agrifolia,834
835,37.884114074,-122.26946802200001,Quercus,agrifolia,835
836,37.883921981,-122.269564225,Quercus,agrifolia,836
837,37.883838984,-122.269426182,Ulmus,americana,837
838,37.883801368,-122.269455759,Quercus,agrifolia,838
839,37.883719791,-122.26950220799999,Pistacia,chinensis,839
840,37.883672501,-122.269630511,Pistacia,chinensis,840
841,37.883639674,-122.268956595,Acer,rubrum,841
